{
  "general": {
    "device": {
      "meta": "NissanUDS;GPS;v2"
    },
    "security": {},
    "debug": {
      "syslog": 0
    }
  },
  "log": {
    "file": {
      "split_size": 512,
      "split_time_period": 300,
      "split_time_offset": 0,
      "cyclic": 1
    },
    "compression": {
      "level": 0
    },
    "encryption": {
      "state": 0
    },
    "error_frames": {
      "state": 0
    }
  },
  "rtc": {
    "sync": 2,
    "timezone": 0,
    "adjustment": 0,
    "ntp_server": "*.pool.ntp.org",
    "ntp_fallback": 0,
    "tolerance": 30
  },
  "secondaryport": {
    "power_schedule": [
      {
        "from": "00:00",
        "to": "00:00"
      }
    ]
  },
  "can_1": {
    "general": {
      "rx_state": 1,
      "tx_state": 1
    },
    "phy": {
      "mode": 0,
      "retransmission": 1,
      "fd_spec": 0,
      "bit_rate_cfg_mode": 1,
      "bit_rate_std": 500000,
      "bit_rate_fd": 1000000
    },
    "filter": {
      "remote_frames": 0,
      "id": [
        {
          "name": "Ch1AllStandard",
          "state": 1,
          "type": 0,
          "id_format": 0,
          "method": 1,
          "f1": "7FF",
          "f2": "0",
          "prescaler_type": 0
        },
        {
          "name": "Ch1AllExtended",
          "state": 1,
          "type": 0,
          "id_format": 1,
          "method": 1,
          "f1": "1FFFFFFF",
          "f2": "0",
          "prescaler_type": 0
        }
      ]
    },
    "transmit": [
      {
        "name": "Battery",
        "state": 1,
        "id_format": 0,
        "frame_format": 0,
        "brs": 0,
        "log": 1,
        "period": 5000,
        "delay": 0,
        "id": "79B",
        "data": "022101FFFFFFFFFF"
      },
      {
        "name": "Battery_FC",
        "state": 1,
        "id_format": 0,
        "frame_format": 0,
        "brs": 0,
        "log": 1,
        "period": 5000,
        "delay": 50,
        "id": "79B",
        "data": "3000000000000000"
      },
      {
        "name": "PackTemp",
        "state": 1,
        "id_format": 0,
        "frame_format": 0,
        "brs": 0,
        "log": 1,
        "period": 5000,
        "delay": 2000,
        "id": "79B",
        "data": "022104FFFFFFFFFF"
      },
      {
        "name": "PackTemp_FC",
        "state": 1,
        "id_format": 0,
        "frame_format": 0,
        "brs": 0,
        "log": 1,
        "period": 5000,
        "delay": 2050,
        "id": "79B",
        "data": "3000000000000000"
      }
    ],
    "heartbeat": {
      "state": 0,
      "id_format": 1,
      "id": "00435353"
    },
    "control": {
      "control_rx_state": 0,
      "control_tx_state": 0,
      "start": {
        "id_format": 1,
        "id": "00435354",
        "id_mask": "1FFFFFFF",
        "data_mask": "FFFFFFFFFFFFFFFF",
        "data_high": "0100000000000000",
        "data_low": "0100000000000000"
      },
      "stop": {
        "id_format": 1,
        "id": "00435354",
        "id_mask": "1FFFFFFF",
        "data_mask": "FFFFFFFFFFFFFFFF",
        "data_high": "0000000000000000",
        "data_low": "0000000000000000"
      }
    }
  },
  "can_2": {
    "general": {
      "rx_state": 1,
      "tx_state": 1
    },
    "phy": {
      "mode": 0,
      "retransmission": 1,
      "fd_spec": 0,
      "bit_rate_cfg_mode": 1,
      "bit_rate_std": 250000,
      "bit_rate_fd": 1000000
    },
    "filter": {
      "remote_frames": 0,
      "id": [
        {
          "name": "Ch2AllStandard",
          "state": 1,
          "type": 0,
          "id_format": 0,
          "method": 1,
          "f1": "7FF",
          "f2": "0",
          "prescaler_type": 0
        },
        {
          "name": "Ch2AllExtended",
          "state": 1,
          "type": 0,
          "id_format": 1,
          "method": 1,
          "f1": "1FFFFFFF",
          "f2": "0",
          "prescaler_type": 0
        }
      ]
    },
    "heartbeat": {
      "state": 0,
      "id_format": 1,
      "id": "00435353"
    },
    "control": {
      "control_rx_state": 0,
      "control_tx_state": 0,
      "start": {
        "id_format": 1,
        "id": "00435354",
        "id_mask": "1FFFFFFF",
        "data_mask": "FFFFFFFFFFFFFFFF",
        "data_high": "0100000000000000",
        "data_low": "0100000000000000"
      },
      "stop": {
        "id_format": 1,
        "id": "00435354",
        "id_mask": "1FFFFFFF",
        "data_mask": "FFFFFFFFFFFFFFFF",
        "data_high": "0000000000000000",
        "data_low": "0000000000000000"
      }
    }
  },
  "lin_1": {
    "phy": {
      "mode": 0,
      "bit_rate": 19200
    }
  },
  "lin_2": {
    "phy": {
      "mode": 0,
      "bit_rate": 19200
    }
  },
  "connect": {
    "wifi": {
      "mode": 0,
      "keyformat": 0,
      "accesspoint": [
        {
          "ssid": "NA",
          "pwd": "NA",
          "minrssi": 0
        }
      ]
    },
    "s3": {
      "sync": {
        "ota": 60,
        "heartbeat": 60,
        "logfiles": 1
      },
      "server": {
        "endpoint": "http://s3.eu-central-1.amazonaws.com",
        "port": 80,
        "bucket": "NA",
        "region": "eu-central-1",
        "request_style": 1,
        "accesskey": "NA",
        "keyformat": 0,
        "secretkey": "NA",
        "signed_payload": 0
      }
    }
  }
}